{"ast":null,"code":"var data = {\n  \"Sum_efftot\": {\n    \"0\": 55.0,\n    \"1\": 144.0,\n    \"2\": 14.0,\n    \"3\": 33.0,\n    \"4\": 59.0,\n    \"5\": 42.0,\n    \"1223\": 4710.0,\n    \"1224\": 24.0,\n    \"1225\": 121.0,\n    \"1226\": 51.0,\n    \"1227\": 62.0,\n    \"1228\": 226.0,\n    \"1229\": 82.0,\n    \"1230\": 958.0,\n    \"1231\": 106.0,\n    \"1232\": 232.0,\n    \"1233\": 267.0,\n    \"1234\": 3795.0,\n    \"1235\": 1948.0,\n    \"1236\": 65.0,\n    \"1237\": 400.0,\n    \"1238\": 674.0,\n    \"1239\": 16201.0,\n    \"1240\": 190.0,\n    \"1241\": 65.0,\n    \"1242\": 15.0,\n    \"1243\": 108.0,\n    \"1244\": 37.0,\n    \"1245\": 155.0,\n    \"1246\": 1328.0,\n    \"1247\": 121.0,\n    \"1248\": 458.0\n  },\n  \"com_nom\": {\n    \"0\": \"Cr\\xE9zancy\",\n    \"1\": \"Pr\\xE9montr\\xE9\",\n    \"2\": \"Le Mayet-de-Montagne\",\n    \"3\": \"Le Chaffaut-Saint-Jurson\",\n    \"4\": \"Les Loges-Margueron\",\n    \"5\": \"Saint-Pouange\",\n    \"1223\": \"Cayenne\",\n    \"1224\": \"Matoury\",\n    \"1225\": \"Remire-Montjoly\",\n    \"1226\": \"Les Trois-Bassins\",\n    \"1227\": \"Bras-Panon\",\n    \"1228\": \"Sainte-Suzanne\",\n    \"1229\": \"Les Avirons\",\n    \"1230\": \"Saint-Beno\\xEEt\",\n    \"1231\": \"Saint-Joseph\",\n    \"1232\": \"Saint-Louis\",\n    \"1233\": \"Saint-Andr\\xE9\",\n    \"1234\": \"Le Tampon\",\n    \"1235\": \"Saint-Pierre\",\n    \"1236\": \"La Possession\",\n    \"1237\": \"Le Port\",\n    \"1238\": \"Saint-Paul\",\n    \"1239\": \"Saint-Denis\",\n    \"1240\": \"Sainte-Marie\",\n    \"1241\": \"Acoua\",\n    \"1242\": \"Chirongui\",\n    \"1243\": \"Ouangani\",\n    \"1244\": \"Bandrele\",\n    \"1245\": \"Sada\",\n    \"1246\": \"Dembeni\",\n    \"1247\": \"Pamandzi\",\n    \"1248\": \"Mamoudzou\"\n  },\n  \"latitude\": {\n    \"0\": 49.040433,\n    \"1\": 49.549303,\n    \"2\": 46.060792,\n    \"3\": 44.024289,\n    \"4\": 48.097408,\n    \"5\": 48.225648,\n    \"1223\": 46.671714,\n    \"1224\": 46.671714,\n    \"1225\": 46.671714,\n    \"1226\": 45.201437,\n    \"1227\": 45.317243,\n    \"1228\": 45.410096,\n    \"1229\": 45.076817,\n    \"1230\": 45.247075,\n    \"1231\": 45.004487,\n    \"1232\": 45.073243,\n    \"1233\": 45.405092,\n    \"1234\": 45.051234,\n    \"1235\": 45.051234,\n    \"1236\": 45.32762,\n    \"1237\": 45.32762,\n    \"1238\": 45.32762,\n    \"1239\": 45.411696,\n    \"1240\": 45.411696,\n    \"1241\": 45.428172,\n    \"1242\": 45.211414,\n    \"1243\": 45.30079,\n    \"1244\": 45.19299,\n    \"1245\": 45.269636,\n    \"1246\": 45.288358,\n    \"1247\": 45.37172,\n    \"1248\": 45.386384\n  },\n  \"longitude\": {\n    \"0\": 3.516514,\n    \"1\": 3.414764,\n    \"2\": 3.649531,\n    \"3\": 6.146014,\n    \"4\": 4.111406,\n    \"5\": 4.040717,\n    \"1223\": -3.046634,\n    \"1224\": -3.046634,\n    \"1225\": -3.046634,\n    \"1226\": -2.916198,\n    \"1227\": -2.465965,\n    \"1228\": -2.52612,\n    \"1229\": -2.865865,\n    \"1230\": -2.453252,\n    \"1231\": -2.451781,\n    \"1232\": -2.771967,\n    \"1233\": -2.456821,\n    \"1234\": -2.595328,\n    \"1235\": -2.595328,\n    \"1236\": -2.92239,\n    \"1237\": -2.92239,\n    \"1238\": -2.92239,\n    \"1239\": -2.711513,\n    \"1240\": -2.711513,\n    \"1241\": -3.885962,\n    \"1242\": -3.709971,\n    \"1243\": -3.754902,\n    \"1244\": -3.692285,\n    \"1245\": -3.789972,\n    \"1246\": -3.683423,\n    \"1247\": -3.530738,\n    \"1248\": -3.672043\n  }\n};\nexport default data;","map":{"version":3,"names":["data"],"sources":["C:/Users/haallat/Documents/atlas_dynamique/src/data2.js"],"sourcesContent":["const data = \r\n{\r\n\"Sum_efftot\":{\"0\":55.0,\"1\":144.0,\"2\":14.0,\"3\":33.0,\"4\":59.0,\"5\":42.0,\"1223\":4710.0,\"1224\":24.0,\"1225\":121.0,\"1226\":51.0,\"1227\":62.0,\"1228\":226.0,\"1229\":82.0,\"1230\":958.0,\"1231\":106.0,\"1232\":232.0,\"1233\":267.0,\"1234\":3795.0,\"1235\":1948.0,\"1236\":65.0,\"1237\":400.0,\"1238\":674.0,\"1239\":16201.0,\"1240\":190.0,\"1241\":65.0,\"1242\":15.0,\"1243\":108.0,\"1244\":37.0,\"1245\":155.0,\"1246\":1328.0,\"1247\":121.0,\"1248\":458.0},\r\n\"com_nom\":{\"0\":\"Cr\\u00e9zancy\",\"1\":\"Pr\\u00e9montr\\u00e9\",\"2\":\"Le Mayet-de-Montagne\",\"3\":\"Le Chaffaut-Saint-Jurson\",\"4\":\"Les Loges-Margueron\",\"5\":\"Saint-Pouange\", \"1223\":\"Cayenne\",\"1224\":\"Matoury\",\"1225\":\"Remire-Montjoly\",\"1226\":\"Les Trois-Bassins\",\"1227\":\"Bras-Panon\",\"1228\":\"Sainte-Suzanne\",\"1229\":\"Les Avirons\",\"1230\":\"Saint-Beno\\u00eet\",\"1231\":\"Saint-Joseph\",\"1232\":\"Saint-Louis\",\"1233\":\"Saint-Andr\\u00e9\",\"1234\":\"Le Tampon\",\"1235\":\"Saint-Pierre\",\"1236\":\"La Possession\",\"1237\":\"Le Port\",\"1238\":\"Saint-Paul\",\"1239\":\"Saint-Denis\",\"1240\":\"Sainte-Marie\",\"1241\":\"Acoua\",\"1242\":\"Chirongui\",\"1243\":\"Ouangani\",\"1244\":\"Bandrele\",\"1245\":\"Sada\",\"1246\":\"Dembeni\",\"1247\":\"Pamandzi\",\"1248\":\"Mamoudzou\"},\r\n\"latitude\":{\"0\":49.040433,\"1\":49.549303,\"2\":46.060792,\"3\":44.024289,\"4\":48.097408,\"5\":48.225648,\"1223\":46.671714,\"1224\":46.671714,\"1225\":46.671714,\"1226\":45.201437,\"1227\":45.317243,\"1228\":45.410096,\"1229\":45.076817,\"1230\":45.247075,\"1231\":45.004487,\"1232\":45.073243,\"1233\":45.405092,\"1234\":45.051234,\"1235\":45.051234,\"1236\":45.32762,\"1237\":45.32762,\"1238\":45.32762,\"1239\":45.411696,\"1240\":45.411696,\"1241\":45.428172,\"1242\":45.211414,\"1243\":45.30079,\"1244\":45.19299,\"1245\":45.269636,\"1246\":45.288358,\"1247\":45.37172,\"1248\":45.386384},\r\n\"longitude\":{\"0\":3.516514,\"1\":3.414764,\"2\":3.649531,\"3\":6.146014,\"4\":4.111406,\"5\":4.040717,\"1223\":-3.046634,\"1224\":-3.046634,\"1225\":-3.046634,\"1226\":-2.916198,\"1227\":-2.465965,\"1228\":-2.52612,\"1229\":-2.865865,\"1230\":-2.453252,\"1231\":-2.451781,\"1232\":-2.771967,\"1233\":-2.456821,\"1234\":-2.595328,\"1235\":-2.595328,\"1236\":-2.92239,\"1237\":-2.92239,\"1238\":-2.92239,\"1239\":-2.711513,\"1240\":-2.711513,\"1241\":-3.885962,\"1242\":-3.709971,\"1243\":-3.754902,\"1244\":-3.692285,\"1245\":-3.789972,\"1246\":-3.683423,\"1247\":-3.530738,\"1248\":-3.672043}}\r\n\r\nexport default data"],